{
  "baselines": {
    "python": {
      "error": "failed"
    }
  },
  "results": {
    "python": {
      "combined_per_sec": 393893.9973153971,
      "avg_worker_per_sec": 1227044.2221985464,
      "workers": [
        {
          "worker": 0,
          "time": 0.007949798949994147,
          "per_sec": 1257893.4464760725
        },
        {
          "worker": 2,
          "time": 0.008097955607809126,
          "per_sec": 1234879.5775512364
        },
        {
          "worker": 3,
          "time": 0.008312997524626553,
          "per_sec": 1202935.519994544
        },
        {
          "worker": 1,
          "time": 0.00824763800483197,
          "per_sec": 1212468.3447723323
        }
      ]
    }
  }
}